first_name,last_name,email,pass,department,username
Doug,Pim,dpim0@flavors.me,98924e10e6473d6122f4d584d9ac2d779be42367efd31b2a1b7a6c3ba41c814c,Business Development,dpim0
Maison,Petri,mpetri1@ehow.com,e92e2c82d38bded2df7e103b674dda9511a173a534aa3ac3a44c08da1b131c1c,Engineering,mpetri1
Barbee,Hammand,bhammand2@deviantart.com,6bb2447f15706e7ba9a8cf1861b2be9f0f5f6977097561d1aafc3230524cf9bf,Product Management,bhammand2
Xenos,Shoard,xshoard3@engadget.com,68deb90e917e0fc304e75fd8dca9d731bd3b19fb617ea0f16f0ff9df256e9a34,Support,xshoard3
Karola,Bonniface,kbonniface4@mysql.com,7e86d96c389d62f09686b7a5b39ea3719f13b1bf9373468a45f1c0bded4bc052,Engineering,kbonniface4
Blondie,Bruckshaw,bbruckshaw5@statcounter.com,9330071012fc2037df98344490578a7278d506227aecca75d70d362b066e60a0,Accounting,bbruckshaw5
Luelle,Munson,lmunson6@arstechnica.com,d92d4994ec3481a9a7bbc9c4a507e6041cc56e087fb203228ae55ab47900a061,Sales,lmunson6
Angelita,O'Connolly,aoconnolly7@tinyurl.com,219fd4a16311ae62953b1471cb98a66ad9ee6dc0b36e5fa67fcc141a5d2560cc,Legal,aoconnolly7
Dalila,Wileman,dwileman8@ucoz.ru,ff867cf675928e0be6ab7e8ded9ce085e69ae64e9ddbf3f55c6a5e4a560b9d8e,Services,dwileman8
Gawain,Engel,gengel9@soundcloud.com,8deffd33ab190e283d53e8ecd9108f6e14fa8de13610fc83cffeafc8f566b602,Marketing,gengel9
Katha,Lamerton,klamertona@domainmarket.com,87be51909b9fbbb7fbbf632e2ad302fd9f3c9d161abb95bbf6adbe1e93291eb9,Services,klamertona
Giustina,Terrans,gterransb@mlb.com,10fb75230b1b4dc3066bcbe2260e4e30e3a91611f4c04a861ada070e3c7f7b80,Services,gterransb
Ashien,Welham,awelhamc@vinaora.com,b38c0cef02fbf3a895638a5d79f336c024e437fdb14ca3a46e6b95f55aef311c,Research and Development,awelhamc
Salli,Mattaser,smattaserd@jalbum.net,f989c876e3e9f34286ae1a12f28c05625547650359a5940c4ce34a220fed0352,Sales,smattaserd
Jonah,Harmston,jharmstone@prweb.com,adc02d474edda0f194ea25519f32e3f60b697d9e07ef7df89d48b89160832e58,Services,jharmstone
Carola,Kernermann,ckernermannf@ihg.com,a880af15257940f2193247eafcbee3d8fea117d2e98b153c66afca354637c6ec,Support,ckernermannf
Weston,Niaves,wniavesg@netvibes.com,f3d2732dbcaed84ce163aedc5eacf9e0ca10d257a4823815357d94ecfff81b2d,Human Resources,wniavesg
Benedikta,Daouze,bdaouzeh@ebay.co.uk,ac83e7c74cb60ddad4c159c98deb166e071065b85d4dbf1c2429d1e3f61f8de4,Sales,bdaouzeh
Adolpho,Knapper,aknapperi@noaa.gov,17a94f24c7f5025c5864fc75672c5bd419f1471fbab5066eb1d7af113a3a3efe,Training,aknapperi
